subject_code,party_name,rule,confidence,path,分类(真漏报/合理未披露/系统误报)
000006,深圳机场,R2,high,000006 -CONTROLLED_BY [32.77%]-> 深圳市国有资产监督管理局 | 深圳市国有资产监督管理局 -CONTROLS-> 000089,
000006,深粮B,R2,high,000006 -CONTROLLED_BY [32.77%]-> 深圳市国有资产监督管理局 | 深圳市国有资产监督管理局 -CONTROLS-> 200019,
000006,深圳市国有资产监督管理局,R1+R1+R1,high,深圳市国有资产监督管理局 -HOLDS [18.95%]-> 000006 | 深圳市国有资产监督管理局 -HOLDS [19.322%]-> 000006 | 深圳市国有资产监督管理局 -HOLDS [19.53%]-> 000006,
000006,深圳市国资委及远致投资,R1+R1,high,深圳市国资委及远致投资 -HOLDS [31.0%]-> 000006 | 深圳市国资委及远致投资 -HOLDS [32.0%]-> 000006,
000006,特力B,R2,high,000006 -CONTROLLED_BY [32.77%]-> 深圳市国有资产监督管理局 | 深圳市国有资产监督管理局 -CONTROLS-> 200025,
000006,深粮控股,R2,high,000006 -CONTROLLED_BY [32.77%]-> 深圳市国有资产监督管理局 | 深圳市国有资产监督管理局 -CONTROLS-> 000019,
000006,深圳能源,R2,high,000006 -CONTROLLED_BY [32.77%]-> 深圳市国有资产监督管理局 | 深圳市国有资产监督管理局 -CONTROLS-> 000027,
000006,特发信息,R2,high,000006 -CONTROLLED_BY [32.77%]-> 深圳市国有资产监督管理局 | 深圳市国有资产监督管理局 -CONTROLS-> 000070,
000006,深圳燃气,R2,high,000006 -CONTROLLED_BY [32.77%]-> 深圳市国有资产监督管理局 | 深圳市国有资产监督管理局 -CONTROLS-> 601139,
000006,深纺织B,R2,high,000006 -CONTROLLED_BY [32.77%]-> 深圳市国有资产监督管理局 | 深圳市国有资产监督管理局 -CONTROLS-> 200045,
000006,深深房B,R2,high,000006 -CONTROLLED_BY [32.77%]-> 深圳市国有资产监督管理局 | 深圳市国有资产监督管理局 -CONTROLS-> 200029,
000006,力合科创,R2,high,000006 -CONTROLLED_BY [32.77%]-> 深圳市国有资产监督管理局 | 深圳市国有资产监督管理局 -CONTROLS-> 002243,
000006,马信琪,R1,high,马信琪 -HOLDS [5.09%]-> 000006,
000006,深赛格B,R2,high,000006 -CONTROLLED_BY [32.77%]-> 深圳市国有资产监督管理局 | 深圳市国有资产监督管理局 -CONTROLS-> 200058,
000008,同益中,R2,high,000008 -CONTROLLED_BY [20.0%]-> 国家开发投资集团有限公司 | 国家开发投资集团有限公司 -CONTROLS-> 688722,
000008,文炳荣,R1,high,文炳荣 -HOLDS [10.88%]-> 000008,
000008,福瑞医科,R3+R3+R3,low,000008 -HELD_BY [23.25%]-> 中国国投高新产业投资有限公司 | 中国国投高新产业投资有限公司 -HOLDS [8.88%]-> 300049 | 000008 -HELD_BY [23.48%]-> 中国国投高新产业投资有限公司 | 中国国投高新产业投资有限公司 -HOLDS [8.57%]-> 300049 | 000008 -HELD_BY [23.67%]-> 中国国投高新产业投资有限公司 | 中国国投高新产业投资有限公司 -HOLDS [8.21%]-> 300049,
000008,亚普股份,R2,high,000008 -CONTROLLED_BY [20.0%]-> 国家开发投资集团有限公司 | 国家开发投资集团有限公司 -CONTROLS-> 603013,
000014,天晟新材,R3,low,000014 -HELD_BY [11.51%]-> 中科汇通(深圳)股权投资基金有限公司 | 中科汇通(深圳)股权投资基金有限公司 -HOLDS [5.01%]-> 300169,
000014,北矿科技,R3,low,000014 -HELD_BY [11.51%]-> 中科汇通(深圳)股权投资基金有限公司 | 中科汇通(深圳)股权投资基金有限公司 -HOLDS [9.3%]-> 600980,
000014,国华退,R3+R3,low,000014 -HELD_BY [5.54%]-> 中科汇通(深圳)股权投资基金有限公司 | 中科汇通(深圳)股权投资基金有限公司 -HOLDS [6.18%]-> 000004 | 000014 -HELD_BY [8.91%]-> 中科汇通(深圳)股权投资基金有限公司 | 中科汇通(深圳)股权投资基金有限公司 -HOLDS [10.01%]-> 000004,
000014,祥龙电业,R3,low,000014 -HELD_BY [11.51%]-> 中科汇通(深圳)股权投资基金有限公司 | 中科汇通(深圳)股权投资基金有限公司 -HOLDS [5.54%]-> 600769,
000014,三变科技,R3,low,000014 -HELD_BY [11.51%]-> 中科汇通(深圳)股权投资基金有限公司 | 中科汇通(深圳)股权投资基金有限公司 -HOLDS [5.25%]-> 002112,
000014,国投丰乐,R3,low,000014 -HELD_BY [11.51%]-> 中科汇通(深圳)股权投资基金有限公司 | 中科汇通(深圳)股权投资基金有限公司 -HOLDS [5.01%]-> 000713,
000014,大连圣亚,R3,low,000014 -HELD_BY [11.51%]-> 中科汇通(深圳)股权投资基金有限公司 | 中科汇通(深圳)股权投资基金有限公司 -HOLDS [5.01%]-> 600593,
000014,朗科科技,R3+R3+R3,low,000014 -HELD_BY [5.02%]-> 中科汇通(深圳)股权投资基金有限公司 | 中科汇通(深圳)股权投资基金有限公司 -HOLDS [15.0%]-> 300042 | 000014 -HELD_BY [8.91%]-> 中科汇通(深圳)股权投资基金有限公司 | 中科汇通(深圳)股权投资基金有限公司 -HOLDS [19.25%]-> 300042 | 000014 -HELD_BY [9.05%]-> 中科汇通(深圳)股权投资基金有限公司 | 中科汇通(深圳)股权投资基金有限公司 -HOLDS [20.01%]-> 300042,
000014,富邦新材,R3,low,000014 -HELD_BY [11.51%]-> 中科汇通(深圳)股权投资基金有限公司 | 中科汇通(深圳)股权投资基金有限公司 -HOLDS [5.02%]-> 600768,
000014,大晟文化,R3+R3,low,000014 -HELD_BY [5.54%]-> 中科汇通(深圳)股权投资基金有限公司 | 中科汇通(深圳)股权投资基金有限公司 -HOLDS [6.27%]-> 600892 | 000014 -HELD_BY [8.91%]-> 中科汇通(深圳)股权投资基金有限公司 | 中科汇通(深圳)股权投资基金有限公司 -HOLDS [10.04%]-> 600892,
000019,深圳能源,R2,high,000006 -CONTROLLED_BY [32.77%]-> 深圳市国有资产监督管理局 | 深圳市国有资产监督管理局 -CONTROLS-> 000027,
000019,深圳机场,R2,high,000006 -CONTROLLED_BY [32.77%]-> 深圳市国有资产监督管理局 | 深圳市国有资产监督管理局 -CONTROLS-> 000089,
